                  epoch,             train/loss,  metrics/accuracy_top1,  metrics/accuracy_top5,               val/loss,                 lr/pg0,                 lr/pg1,                 lr/pg2
                      1,                0.31273,                 0.9485,                      1,                 1.2586,               0.066761,             3.3273e-05,             3.3273e-05
                      2,                0.09786,                  0.984,                      1,                 1.1889,                0.03346,             6.6166e-05,             6.6166e-05
                      3,                0.05771,                 0.9815,                      1,                 1.1845,             0.00015945,              9.862e-05,              9.862e-05
                      4,                0.04175,                   0.98,                      1,                 1.1872,              9.802e-05,              9.802e-05,              9.802e-05
                      5,                 0.0308,                 0.9845,                      1,                 1.1822,              9.802e-05,              9.802e-05,              9.802e-05
                      6,                0.01609,                 0.9815,                      1,                 1.1855,              9.736e-05,              9.736e-05,              9.736e-05
                      7,                0.01329,                  0.984,                      1,                 1.1818,               9.67e-05,               9.67e-05,               9.67e-05
                      8,                0.00933,                   0.98,                      1,                  1.184,              9.604e-05,              9.604e-05,              9.604e-05
                      9,                0.00838,                 0.9845,                      1,                 1.1824,              9.538e-05,              9.538e-05,              9.538e-05
                     10,                0.00562,                  0.979,                      1,                 1.1868,              9.472e-05,              9.472e-05,              9.472e-05
                     11,                0.00773,                  0.983,                      1,                 1.1822,              9.406e-05,              9.406e-05,              9.406e-05
                     12,                0.00795,                   0.98,                 0.9995,                 1.1838,               9.34e-05,               9.34e-05,               9.34e-05
                     13,                0.00762,                  0.979,                      1,                 1.1881,              9.274e-05,              9.274e-05,              9.274e-05
                     14,                0.00629,                 0.9835,                      1,                 1.1806,              9.208e-05,              9.208e-05,              9.208e-05
                     15,                0.00547,                  0.984,                      1,                 1.1817,              9.142e-05,              9.142e-05,              9.142e-05
                     16,                0.00611,                 0.9835,                      1,                 1.1813,              9.076e-05,              9.076e-05,              9.076e-05
                     17,                0.00579,                  0.983,                      1,                 1.1799,               9.01e-05,               9.01e-05,               9.01e-05
                     18,                0.00311,                  0.985,                      1,                 1.1794,              8.944e-05,              8.944e-05,              8.944e-05
                     19,                0.00579,                  0.983,                      1,                 1.1821,              8.878e-05,              8.878e-05,              8.878e-05
                     20,                0.01052,                 0.9825,                      1,                 1.1813,              8.812e-05,              8.812e-05,              8.812e-05
                     21,                0.00602,                 0.9825,                      1,                 1.1814,              8.746e-05,              8.746e-05,              8.746e-05
                     22,                0.00373,                 0.9785,                      1,                 1.1863,               8.68e-05,               8.68e-05,               8.68e-05
                     23,                0.00481,                  0.984,                      1,                 1.1795,              8.614e-05,              8.614e-05,              8.614e-05
                     24,                0.00418,                 0.9875,                      1,                 1.1789,              8.548e-05,              8.548e-05,              8.548e-05
                     25,                0.00508,                  0.988,                      1,                 1.1773,              8.482e-05,              8.482e-05,              8.482e-05
                     26,                0.00331,                   0.98,                      1,                 1.1826,              8.416e-05,              8.416e-05,              8.416e-05
                     27,                0.00837,                 0.9835,                      1,                 1.1812,               8.35e-05,               8.35e-05,               8.35e-05
                     28,                0.00548,                 0.9855,                      1,                   1.18,              8.284e-05,              8.284e-05,              8.284e-05
                     29,                0.00261,                  0.985,                      1,                 1.1798,              8.218e-05,              8.218e-05,              8.218e-05
                     30,                0.00089,                  0.987,                      1,                 1.1782,              8.152e-05,              8.152e-05,              8.152e-05
                     31,                0.00157,                  0.985,                      1,                 1.1794,              8.086e-05,              8.086e-05,              8.086e-05
                     32,                0.00178,                  0.984,                      1,                 1.1813,               8.02e-05,               8.02e-05,               8.02e-05
                     33,                0.00224,                  0.984,                      1,                 1.1798,              7.954e-05,              7.954e-05,              7.954e-05
                     34,                0.00921,                  0.985,                 0.9995,                 1.1804,              7.888e-05,              7.888e-05,              7.888e-05
                     35,                0.00272,                 0.9845,                 0.9995,                 1.1802,              7.822e-05,              7.822e-05,              7.822e-05
                     36,                0.00245,                 0.9865,                      1,                 1.1789,              7.756e-05,              7.756e-05,              7.756e-05
                     37,                0.00326,                 0.9845,                 0.9995,                 1.1793,               7.69e-05,               7.69e-05,               7.69e-05
                     38,                0.00775,                 0.9835,                      1,                 1.1812,              7.624e-05,              7.624e-05,              7.624e-05
                     39,                0.00425,                 0.9835,                      1,                 1.1811,              7.558e-05,              7.558e-05,              7.558e-05
                     40,                0.00512,                  0.985,                      1,                 1.1822,              7.492e-05,              7.492e-05,              7.492e-05
                     41,                0.00208,                 0.9875,                      1,                 1.1776,              7.426e-05,              7.426e-05,              7.426e-05
                     42,                0.00144,                 0.9865,                      1,                 1.1782,               7.36e-05,               7.36e-05,               7.36e-05
                     43,                0.00019,                 0.9855,                      1,                 1.1801,              7.294e-05,              7.294e-05,              7.294e-05
                     44,                0.00033,                 0.9855,                      1,                 1.1791,              7.228e-05,              7.228e-05,              7.228e-05
                     45,                0.00024,                  0.986,                      1,                 1.1791,              7.162e-05,              7.162e-05,              7.162e-05
                     46,                0.00011,                  0.986,                      1,                 1.1794,              7.096e-05,              7.096e-05,              7.096e-05
                     47,                  7e-05,                  0.986,                      1,                 1.1823,               7.03e-05,               7.03e-05,               7.03e-05
                     48,                  7e-05,                  0.986,                 0.9995,                 1.1802,              6.964e-05,              6.964e-05,              6.964e-05
                     49,                0.00015,                  0.984,                 0.9995,                 1.1822,              6.898e-05,              6.898e-05,              6.898e-05
                     50,                 0.0001,                  0.983,                 0.9995,                 1.1829,              6.832e-05,              6.832e-05,              6.832e-05
                     51,                  5e-05,                 0.9825,                 0.9995,                 1.1818,              6.766e-05,              6.766e-05,              6.766e-05
                     52,                  4e-05,                  0.982,                  0.999,                 1.1819,                6.7e-05,                6.7e-05,                6.7e-05
                     53,                  3e-05,                  0.982,                  0.999,                 1.1831,              6.634e-05,              6.634e-05,              6.634e-05
                     54,                0.02822,                 0.9815,                 0.9995,                 1.1812,              6.568e-05,              6.568e-05,              6.568e-05
                     55,                0.00924,                  0.984,                      1,                 1.1799,              6.502e-05,              6.502e-05,              6.502e-05
                     56,                0.00351,                  0.986,                      1,                 1.1794,              6.436e-05,              6.436e-05,              6.436e-05
                     57,                0.00086,                 0.9865,                 0.9995,                 1.1791,               6.37e-05,               6.37e-05,               6.37e-05
                     58,                0.00251,                 0.9865,                 0.9995,                 1.1791,              6.304e-05,              6.304e-05,              6.304e-05
                     59,                0.00156,                 0.9865,                 0.9995,                   1.18,              6.238e-05,              6.238e-05,              6.238e-05
                     60,                0.00207,                 0.9865,                 0.9995,                 1.1796,              6.172e-05,              6.172e-05,              6.172e-05
                     61,                 0.0017,                 0.9855,                      1,                 1.1793,              6.106e-05,              6.106e-05,              6.106e-05
                     62,                0.00403,                 0.9855,                 0.9995,                 1.1791,               6.04e-05,               6.04e-05,               6.04e-05
                     63,                0.00451,                 0.9855,                 0.9995,                 1.1801,              5.974e-05,              5.974e-05,              5.974e-05
                     64,                0.00167,                  0.986,                 0.9995,                 1.1791,              5.908e-05,              5.908e-05,              5.908e-05
                     65,                0.00468,                 0.9865,                 0.9995,                 1.1788,              5.842e-05,              5.842e-05,              5.842e-05
                     66,                0.00337,                  0.986,                 0.9995,                 1.1788,              5.776e-05,              5.776e-05,              5.776e-05
                     67,                0.00073,                  0.986,                 0.9995,                 1.1788,               5.71e-05,               5.71e-05,               5.71e-05
                     68,                0.00032,                 0.9855,                 0.9995,                 1.1788,              5.644e-05,              5.644e-05,              5.644e-05
                     69,                0.00174,                  0.986,                 0.9995,                 1.1794,              5.578e-05,              5.578e-05,              5.578e-05
                     70,                0.00352,                  0.986,                 0.9995,                 1.1784,              5.512e-05,              5.512e-05,              5.512e-05
                     71,                0.00366,                  0.986,                 0.9995,                 1.1782,              5.446e-05,              5.446e-05,              5.446e-05
                     72,                 0.0008,                  0.986,                 0.9995,                 1.1779,               5.38e-05,               5.38e-05,               5.38e-05
                     73,                0.00051,                  0.987,                 0.9995,                 1.1778,              5.314e-05,              5.314e-05,              5.314e-05
                     74,                0.00015,                 0.9875,                 0.9995,                 1.1776,              5.248e-05,              5.248e-05,              5.248e-05
                     75,                  6e-05,                 0.9875,                 0.9995,                 1.1774,              5.182e-05,              5.182e-05,              5.182e-05
