idx,YOLO_pred,LSTM_pred
10,6,2
15,6,2
20,6,2
25,6,2
30,6,2
35,6,2
40,6,2
45,6,2
50,6,2
55,6,2
60,6,2
65,6,2
70,6,2
75,6,2
80,6,2
85,6,2
90,6,2
95,6,2
100,6,2
105,6,2
110,6,2
115,6,2
120,6,2
125,6,2
130,6,2
135,6,2
140,6,2
145,6,2
150,6,2
155,6,2
160,6,2
165,6,2
170,6,2
175,6,2
180,6,2
185,6,2
190,6,2
195,6,2
200,6,2
205,6,2
210,6,2
215,6,2
220,6,2
225,6,2
230,6,2
235,6,2
240,6,2
245,6,2
250,6,2
255,6,2
260,6,2
265,6,2
270,6,2
275,6,2
280,6,2
285,6,2
290,6,2
295,6,2
300,6,2
305,6,2
310,0,2
315,3,2
320,3,1
325,3,1
330,3,1
335,6,1
340,6,1
345,3,1
350,3,1
355,3,1
360,3,1
365,3,1
370,3,1
375,3,1
380,3,1
385,4,1
390,4,1
395,4,1
400,4,1
405,3,1
410,3,1
415,3,1
420,3,1
425,3,1
430,3,1
435,3,1
440,3,1
445,3,1
450,4,1
455,4,1
460,4,1
465,4,1
470,4,1
475,4,1
480,4,1
485,4,1
490,4,1
495,4,1
500,6,1
505,6,2
510,6,2
515,6,2
520,6,2
525,6,2
530,6,2
535,6,2
540,6,2
545,6,2
550,6,2
555,6,2
560,6,2
565,6,2
570,6,2
575,6,2
580,6,2
585,6,2
590,6,2
595,6,2
600,6,2
605,6,2
610,6,2
615,6,2
620,6,2
625,6,2
630,6,2
635,6,2
640,0,2
645,0,0
650,0,0
655,0,0
660,0,0
665,0,0
670,0,0
675,0,0
680,0,0
685,0,0
690,0,0
695,0,0
700,0,0
705,0,0
710,0,0
715,0,0
720,0,0
725,0,0
730,0,0
735,0,0
740,0,0
745,0,0
750,0,0
755,0,0
760,0,0
765,0,0
770,0,0
775,0,0
780,0,0
785,0,0
790,0,0
795,0,0
800,1,0
805,1,0
810,1,0
815,1,0
820,1,0
825,1,0
830,1,0
835,1,0
840,6,0
845,6,0
850,6,2
855,6,2
860,6,2
865,6,2
870,6,2
875,6,2
880,6,2
885,6,2
890,6,2
895,6,2
900,6,2
905,6,2
910,6,2
915,6,2
920,6,2
925,6,2
930,6,2
935,6,2
940,4,2
945,6,1
950,4,1
955,4,2
960,4,1
965,4,1
970,4,1
975,4,1
980,4,1
985,4,1
990,4,1
995,4,1
1000,4,1
1005,4,1
1010,4,1
1015,4,1
1020,4,1
1025,4,1
1030,4,1
1035,6,1
1040,6,2
1045,6,2
1050,6,2
1055,6,2
1060,6,2
1065,6,2
1070,6,2
1075,6,2
1080,6,2
1085,6,2
1090,6,2
1095,6,2
1100,6,2
1105,6,2
1110,6,2
1115,6,2
1120,6,2
1125,6,2
1130,6,2
1135,6,2
1140,6,2
1145,6,2
1150,6,2
1155,6,2
1160,6,2
1165,6,2
1170,6,2
1175,6,2
1180,6,2
1185,6,2
1190,6,2
1195,6,2
1200,6,2
1205,6,2
1210,6,2
1215,6,2
1220,6,2
1225,6,2
1230,6,2
1235,6,2
1240,3,1
1245,6,1
1250,3,1
1255,3,1
1260,3,1
1265,3,1
1270,3,1
1275,4,1
1280,3,1
1285,3,2
1290,3,1
1295,3,1
1300,3,1
1305,3,1
1310,4,1
1315,3,1
1320,4,1
1325,3,1
1330,3,1
1335,3,1
1340,3,1
1345,3,1
1350,3,1
1355,4,1
1360,4,1
1365,4,1
1370,3,1
1375,3,1
1380,4,1
1385,4,1
1390,4,1
1395,4,1
1400,4,1
1405,4,1
1410,4,1
1415,4,1
1420,4,1
1425,4,1
1430,6,1
1435,6,1
1440,6,2
1445,6,2
1450,6,2
1455,6,2
1460,6,2
1465,6,2
1470,6,2
1475,6,2
1480,6,2
1485,6,2
1490,6,2
1495,6,2
1500,6,2
1505,6,2
1510,6,2
1515,6,2
1520,6,2
1525,6,2
1530,6,2
1535,6,2
1540,6,2
1545,6,2
1550,6,2
1555,6,2
1560,6,2
1565,6,2
1570,6,2
1575,6,2
1580,6,2
1585,0,2
1590,0,0
1595,0,0
1600,0,0
1605,0,0
1610,0,0
1615,0,0
1620,0,0
1625,0,0
1630,0,0
1635,0,0
1640,0,0
1645,0,0
1650,0,0
1655,0,0
1660,0,0
1665,0,0
1670,0,0
1675,0,0
1680,0,0
1685,0,0
1690,0,0
1695,0,0
1700,0,0
1705,0,0
1710,0,0
1715,0,0
1720,0,0
1725,0,0
1730,1,0
1735,1,0
1740,1,0
1745,1,0
1750,1,0
1755,1,0
1760,1,0
1765,6,0
1770,6,0
1775,6,2
1780,6,2
1785,6,2
1790,6,2
1795,6,2
1800,6,2
1805,6,2
1810,6,2
1815,6,2
1820,6,2
1825,6,2
1830,6,2
1835,6,2
1840,6,2
1845,6,2
1850,6,2
1855,6,2
1860,6,2
1865,6,2
1870,6,2
1875,6,2
1880,6,2
1885,6,2
1890,6,2
1895,6,2
1900,6,2
1905,6,2
1910,6,2
1915,6,2
1920,6,2
1925,6,2
1930,6,2
1935,6,2
1940,6,2
1945,6,2
1950,6,2
1955,6,2
1960,6,2
1965,6,2
1970,6,2
1975,6,2
1980,6,2
1985,6,2
1990,6,2
1995,6,2
2000,6,2
2005,6,2
2010,6,2
2015,6,2
2020,6,2
2025,6,2
2030,6,2
2035,6,2
2040,6,2
2045,6,2
2050,6,2
2055,6,2
2060,6,2
2065,6,2
2070,6,2
2075,6,2
2080,6,2
2085,6,2
2090,6,2
2095,6,2
2100,6,2
2105,6,2
2110,6,2
2115,6,2
2120,6,2
2125,6,2
2130,6,2
2135,6,2
2140,6,2
2145,6,2
2150,6,2
2155,6,2
2160,6,2
2165,6,2
2170,6,2
2175,6,2
2180,6,2
2185,6,2
2190,6,2
2195,6,2
2200,6,2
2205,6,2
2210,6,2
2215,6,2
2220,6,2
2225,6,2
2230,6,2
2235,6,2
2240,6,2
2245,6,2
2250,6,2
2255,6,2
2260,6,2
2265,6,2
2270,6,2
2275,6,2
2280,6,2
2285,6,2
2290,6,2
2295,6,2
2300,6,2
2305,6,2
2310,6,2
2315,6,2
2320,6,2
2325,6,2
2330,6,2
2335,6,2
2340,6,2
2345,6,2
2350,6,2
2355,6,2
2360,6,2
2365,6,2
2370,6,2
2375,6,2
2380,6,2
2385,6,2
2390,6,2
2395,6,2
2400,6,2
2405,6,2
2410,6,2
2415,6,2
2420,6,2
2425,6,2
2430,6,2
2435,6,2
2440,6,2
2445,6,2
2450,6,2
2455,6,2
2460,6,2
2465,6,2
2470,6,2
2475,6,2
2480,6,2
2485,6,2
2490,6,2
2495,6,2
2500,6,2
2505,6,2
2510,6,2
2515,6,2
2520,6,2
2525,6,2
2530,6,2
2535,6,2
2540,6,2
2545,6,2
2550,6,2
2555,6,2
2560,6,2
2565,6,2
2570,6,2
2575,6,2
2580,6,2
2585,6,2
2590,6,2
2595,6,2
2600,6,2
2605,6,2
2610,6,2
2615,6,2
2620,6,2
2625,6,1
2630,3,2
2635,3,1
2640,3,1
2645,3,1
2650,3,1
2655,3,1
2660,3,1
2665,3,1
2670,3,1
2675,3,1
2680,3,1
2685,3,1
2690,4,1
2695,4,1
2700,4,1
2705,3,1
2710,3,1
2715,3,1
2720,3,1
2725,3,1
2730,3,1
2735,4,1
2740,4,1
2745,3,1
2750,3,1
2755,3,1
2760,4,1
2765,4,1
2770,4,1
2775,4,1
2780,4,1
2785,4,1
2790,4,1
2795,4,1
2800,4,1
2805,4,1
2810,6,1
2815,6,1
2820,6,2
2825,6,2
2830,6,2
2835,6,2
2840,6,2
2845,6,2
2850,6,2
2855,6,2
2860,6,2
2865,6,2
2870,6,2
2875,6,2
2880,6,2
2885,6,2
2890,6,2
2895,6,2
2900,6,2
2905,6,2
2910,6,2
2915,6,2
2920,6,2
2925,6,2
2930,6,2
2935,6,2
2940,6,2
2945,6,2
2950,6,2
2955,6,2
2960,6,2
2965,6,2
2970,6,2
2975,6,2
2980,6,2
2985,0,2
2990,0,0
2995,0,0
3000,0,0
3005,0,0
3010,0,0
3015,0,0
3020,0,0
3025,0,0
3030,0,0
3035,0,0
3040,0,0
3045,0,0
3050,0,0
3055,0,0
3060,0,0
3065,0,0
3070,0,0
3075,0,0
3080,0,0
3085,0,0
3090,0,0
3095,0,0
3100,0,0
3105,0,0
3110,0,0
3115,0,0
3120,0,0
3125,0,0
3130,0,0
3135,1,0
3140,1,0
3145,1,0
3150,1,0
3155,1,0
3160,1,0
3165,1,0
3170,1,0
3175,1,0
3180,1,0
3185,1,0
3190,1,0
3195,6,0
3200,6,2
3205,6,2
3210,6,2
3215,6,2
3220,6,2
3225,6,2
3230,6,2
3235,6,2
3240,6,2
3245,6,2
3250,6,2
3255,6,2
3260,6,2
3265,6,2
3270,6,2
3275,6,2
3280,6,2
3285,6,2
3290,6,2
3295,6,2
3300,6,2
3305,6,2
3310,6,2
3315,6,2
3320,6,2
3325,6,2
3330,6,2
3335,6,2
3340,6,2
3345,6,2
3350,6,2
3355,6,2
3360,6,2
3365,6,2
3370,6,2
3375,6,2
3380,6,2
3385,6,2
3390,6,2
3395,6,2
3400,6,2
3405,6,2
3410,6,2
3415,6,2
3420,6,2
3425,6,2
3430,6,2
3435,6,2
3440,6,2
3445,4,2
3450,6,2
3455,6,2
3460,6,2
3465,6,2
3470,6,2
3475,6,2
3480,6,2
3485,6,2
3490,6,2
3495,6,2
3500,6,2
3505,6,2
3510,6,2
3515,6,2
3520,6,2
3525,6,2
3530,6,2
3535,6,2
3540,6,2
3545,6,2
3550,6,2
3555,6,2
3560,6,2
3565,6,2
3570,6,2
3575,6,2
3580,6,2
3585,6,2
3590,6,2
3595,6,2
3600,6,2
3605,6,2
3610,6,2
3615,6,2
3620,6,2
3625,6,2
3630,6,2
3635,6,2
3640,6,2
3645,6,2
3650,6,2
3655,6,2
3660,6,2
3665,2,2
3670,3,2
3675,3,1
3680,3,1
3685,3,1
3690,6,1
3695,6,1
3700,6,1
3705,3,2
3710,3,1
3715,3,1
3720,3,1
3725,3,1
3730,3,1
3735,3,1
3740,3,1
3745,3,1
3750,3,1
3755,3,1
3760,3,1
3765,3,1
3770,3,1
3775,3,1
3780,3,1
3785,4,1
3790,3,1
3795,3,1
3800,3,1
3805,4,1
3810,4,1
3815,4,1
3820,4,1
3825,4,1
3830,4,1
3835,4,1
3840,4,1
3845,6,1
3850,6,1
3855,6,2
3860,6,2
3865,6,2
3870,6,2
3875,6,2
3880,6,2
3885,6,2
3890,6,2
3895,6,2
3900,6,2
3905,6,2
3910,6,2
3915,6,2
3920,6,2
3925,6,2
3930,6,2
3935,6,2
3940,6,2
3945,6,2
3950,6,2
3955,6,2
3960,6,2
3965,6,2
3970,6,2
3975,6,2
3980,6,2
3985,6,2
3990,6,2
3995,0,2
4000,0,0
4005,0,0
4010,0,0
4015,0,0
4020,0,0
4025,0,0
4030,0,0
4035,0,0
4040,0,0
4045,0,0
4050,0,0
4055,0,0
4060,0,0
4065,0,0
4070,0,0
4075,0,0
4080,0,0
4085,0,0
4090,0,0
4095,0,0
4100,0,0
4105,0,0
4110,0,0
4115,0,0
4120,0,0
4125,0,0
4130,0,0
4135,1,0
4140,1,0
4145,1,0
4150,1,0
4155,1,0
4160,1,0
4165,1,0
4170,1,0
4175,1,0
4180,6,0
4185,6,2
4190,6,2
4195,6,2
4200,6,2
4205,6,2
4210,6,2
4215,6,2
4220,6,2
4225,6,2
4230,6,2
4235,6,2
4240,6,2
4245,6,2
4250,6,2
4255,6,2
4260,6,2
4265,4,2
4270,4,2
4275,6,1
4280,4,2
4285,4,1
4290,6,1
4295,4,1
4300,4,1
4305,4,1
4310,4,1
4315,4,1
4320,4,1
4325,4,1
4330,4,1
4335,4,1
4340,4,1
4345,4,1
4350,4,1
4355,4,1
4360,4,1
4365,4,1
4370,4,1
4375,4,1
4380,4,1
4385,4,1
4390,4,1
4395,4,1
4400,4,1
4405,4,1
4410,4,1
4415,4,1
4420,4,1
4425,6,1
4430,4,1
4435,6,1
4440,4,1
4445,4,1
4450,4,1
4455,6,1
4460,4,1
4465,6,1
4470,4,2
4475,4,1
4480,6,1
4485,4,1
4490,6,1
4495,4,0
4500,4,1
4505,4,1
4510,4,1
4515,4,1
4520,4,1
4525,4,1
4530,4,1
4535,4,1
4540,4,1
4545,4,1
4550,4,1
4555,4,1
4560,4,1
4565,4,1
4570,4,1
4575,4,1
4580,6,1
4585,4,1
4590,4,1
4595,4,1
4600,4,1
4605,4,1
4610,4,1
4615,4,1
4620,6,1
4625,4,2
4630,6,2
4635,6,2
4640,6,2
4645,6,2
4650,6,2
4655,6,2
4660,4,2
4665,4,1
4670,4,1
4675,4,1
4680,6,1
4685,6,2
4690,6,2
4695,6,2
4700,4,2
4705,6,2
4710,6,2
4715,6,2
4720,6,2
4725,6,2
4730,6,2
4735,6,2
4740,6,2
4745,6,2
4750,6,2
4755,6,2
4760,6,2
4765,6,2
4770,6,2
4775,6,2
4780,6,2
4785,6,2
4790,6,2
4795,6,2
4800,6,2
4805,6,2
4810,6,2
4815,6,2
4820,6,2
4825,6,2
4830,6,2
4835,6,2
4840,6,2
4845,6,2
4850,6,2
4855,6,2
4860,6,2
4865,6,2
4870,6,2
4875,3,1
4880,3,1
4885,6,1
4890,3,2
4895,3,2
4900,3,1
4905,3,1
4910,3,1
4915,3,1
4920,3,1
4925,4,1
4930,3,1
4935,3,1
4940,3,1
4945,3,1
4950,3,1
4955,3,1
4960,3,1
4965,3,1
4970,3,1
4975,3,1
4980,3,1
4985,4,1
4990,4,1
4995,4,1
5000,4,1
5005,4,1
5010,4,1
5015,4,1
5020,4,1
5025,4,1
5030,4,1
5035,4,1
5040,6,1
5045,6,2
5050,6,2
5055,6,2
5060,6,2
5065,6,2
5070,6,2
5075,6,2
5080,6,2
5085,6,2
5090,6,2
5095,6,2
5100,6,2
5105,6,2
5110,6,2
5115,6,2
5120,6,2
5125,6,2
5130,6,2
5135,6,2
5140,6,2
5145,6,2
5150,6,2
5155,6,2
5160,6,2
5165,6,2
5170,0,2
5175,6,2
5180,6,2
5185,0,2
5190,0,0
5195,0,0
5200,0,0
5205,0,0
5210,0,0
5215,0,0
5220,0,0
5225,0,0
5230,0,0
5235,0,0
5240,0,0
5245,0,0
5250,0,0
5255,0,0
5260,0,0
5265,0,0
5270,0,0
5275,0,0
5280,0,0
5285,0,0
5290,0,0
5295,0,0
5300,0,0
5305,0,0
5310,0,0
5315,0,0
5320,0,0
5325,0,0
5330,1,0
5335,1,0
5340,1,0
5345,1,0
5350,1,0
5355,1,0
5360,6,0
5365,6,0
5370,6,2
5375,6,2
5380,6,2
5385,6,2
5390,6,2
5395,6,2
5400,6,2
5405,6,2
5410,6,2
5415,6,2
5420,6,2
5425,6,2
5430,6,2
5435,6,2
5440,6,2
5445,6,2
5450,6,2
5455,6,2
5460,6,2
5465,6,2
5470,6,2
5475,6,2
5480,4,2
5485,4,1
5490,4,1
5495,4,1
5500,6,1
5505,6,2
5510,4,2
5515,4,0
5520,4,1
5525,4,1
5530,6,1
5535,6,2
5540,6,2
5545,6,2
5550,6,2
5555,6,2
5560,6,2
5565,6,2
5570,4,2
5575,4,2
5580,4,1
5585,4,1
5590,6,1
5595,6,2
5600,6,2
5605,6,2
5610,6,2
5615,6,2
5620,6,2
5625,6,2
5630,6,2
5635,6,2
5640,6,2
5645,6,2
